<?xml version="1.0" encoding="UTF-8"?>
<GenRun Id="impl_1" LaunchPart="xc7a100tcsg324-1" LaunchTime="1636107948">
  <File Type="BITSTR-BMM" Name="komparator_bd.bmm"/>
  <File Type="OPT-METHODOLOGY-DRC" Name="komparator_methodology_drc_opted.rpt"/>
  <File Type="INIT-TIMING" Name="komparator_timing_summary_init.rpt"/>
  <File Type="ROUTE-PWR" Name="komparator_power_routed.rpt"/>
  <File Type="PA-TCL" Name="komparator.tcl"/>
  <File Type="OPT-TIMING" Name="komparator_timing_summary_opted.rpt"/>
  <File Type="OPT-DCP" Name="komparator_opt.dcp"/>
  <File Type="ROUTE-PWR-SUM" Name="komparator_power_summary_routed.pb"/>
  <File Type="REPORTS-TCL" Name="komparator_reports.tcl"/>
  <File Type="OPT-DRC" Name="komparator_drc_opted.rpt"/>
  <File Type="OPT-HWDEF" Name="komparator.hwdef"/>
  <File Type="PWROPT-DCP" Name="komparator_pwropt.dcp"/>
  <File Type="PWROPT-DRC" Name="komparator_drc_pwropted.rpt"/>
  <File Type="PWROPT-TIMING" Name="komparator_timing_summary_pwropted.rpt"/>
  <File Type="PLACE-DCP" Name="komparator_placed.dcp"/>
  <File Type="PLACE-IO" Name="komparator_io_placed.rpt"/>
  <File Type="PLACE-CLK" Name="komparator_clock_utilization_placed.rpt"/>
  <File Type="PLACE-UTIL" Name="komparator_utilization_placed.rpt"/>
  <File Type="PLACE-UTIL-PB" Name="komparator_utilization_placed.pb"/>
  <File Type="PLACE-CTRL" Name="komparator_control_sets_placed.rpt"/>
  <File Type="PLACE-SIMILARITY" Name="komparator_incremental_reuse_placed.rpt"/>
  <File Type="PLACE-PRE-SIMILARITY" Name="komparator_incremental_reuse_pre_placed.rpt"/>
  <File Type="BG-BGN" Name="komparator.bgn"/>
  <File Type="PLACE-TIMING" Name="komparator_timing_summary_placed.rpt"/>
  <File Type="POSTPLACE-PWROPT-DCP" Name="komparator_postplace_pwropt.dcp"/>
  <File Type="BG-BIN" Name="komparator.bin"/>
  <File Type="POSTPLACE-PWROPT-TIMING" Name="komparator_timing_summary_postplace_pwropted.rpt"/>
  <File Type="PHYSOPT-DCP" Name="komparator_physopt.dcp"/>
  <File Type="PHYSOPT-DRC" Name="komparator_drc_physopted.rpt"/>
  <File Type="BITSTR-MSK" Name="komparator.msk"/>
  <File Type="PHYSOPT-TIMING" Name="komparator_timing_summary_physopted.rpt"/>
  <File Type="ROUTE-ERROR-DCP" Name="komparator_routed_error.dcp"/>
  <File Type="ROUTE-DCP" Name="komparator_routed.dcp"/>
  <File Type="ROUTE-BLACKBOX-DCP" Name="komparator_routed_bb.dcp"/>
  <File Type="ROUTE-DRC" Name="komparator_drc_routed.rpt"/>
  <File Type="ROUTE-DRC-PB" Name="komparator_drc_routed.pb"/>
  <File Type="BITSTR-LTX" Name="debug_nets.ltx"/>
  <File Type="BITSTR-LTX" Name="komparator.ltx"/>
  <File Type="ROUTE-DRC-RPX" Name="komparator_drc_routed.rpx"/>
  <File Type="BITSTR-MMI" Name="komparator.mmi"/>
  <File Type="ROUTE-METHODOLOGY-DRC" Name="komparator_methodology_drc_routed.rpt"/>
  <File Type="ROUTE-METHODOLOGY-DRC-RPX" Name="komparator_methodology_drc_routed.rpx"/>
  <File Type="BITSTR-SYSDEF" Name="komparator.sysdef"/>
  <File Type="ROUTE-METHODOLOGY-DRC-PB" Name="komparator_methodology_drc_routed.pb"/>
  <File Type="ROUTE-PWR-RPX" Name="komparator_power_routed.rpx"/>
  <File Type="ROUTE-STATUS" Name="komparator_route_status.rpt"/>
  <File Type="ROUTE-STATUS-PB" Name="komparator_route_status.pb"/>
  <File Type="ROUTE-TIMINGSUMMARY" Name="komparator_timing_summary_routed.rpt"/>
  <File Type="ROUTE-TIMING-PB" Name="komparator_timing_summary_routed.pb"/>
  <File Type="ROUTE-TIMING-RPX" Name="komparator_timing_summary_routed.rpx"/>
  <File Type="ROUTE-SIMILARITY" Name="komparator_incremental_reuse_routed.rpt"/>
  <File Type="ROUTE-CLK" Name="komparator_clock_utilization_routed.rpt"/>
  <File Type="ROUTE-BUS-SKEW" Name="komparator_bus_skew_routed.rpt"/>
  <File Type="ROUTE-BUS-SKEW-PB" Name="komparator_bus_skew_routed.pb"/>
  <File Type="ROUTE-BUS-SKEW-RPX" Name="komparator_bus_skew_routed.rpx"/>
  <File Type="POSTROUTE-PHYSOPT-DCP" Name="komparator_postroute_physopt.dcp"/>
  <File Type="POSTROUTE-PHYSOPT-BLACKBOX-DCP" Name="komparator_postroute_physopt_bb.dcp"/>
  <File Type="POSTROUTE-PHYSOPT-TIMING" Name="komparator_timing_summary_postroute_physopted.rpt"/>
  <File Type="POSTROUTE-PHYSOPT-TIMING-PB" Name="komparator_timing_summary_postroute_physopted.pb"/>
  <File Type="POSTROUTE-PHYSOPT-TIMING-RPX" Name="komparator_timing_summary_postroute_physopted.rpx"/>
  <File Type="POSTROUTE-PHYSOPT-BUS-SKEW" Name="komparator_bus_skew_postroute_physopted.rpt"/>
  <File Type="POSTROUTE-PHYSOPT-BUS-SKEW-PB" Name="komparator_bus_skew_postroute_physopted.pb"/>
  <File Type="BG-BIT" Name="komparator.bit"/>
  <File Type="POSTROUTE-PHYSOPT-BUS-SKEW-RPX" Name="komparator_bus_skew_postroute_physopted.rpx"/>
  <File Type="BITSTR-RBT" Name="komparator.rbt"/>
  <File Type="BITSTR-NKY" Name="komparator.nky"/>
  <File Type="BG-DRC" Name="komparator.drc"/>
  <File Type="RDI-RDI" Name="komparator.vdi"/>
  <File Type="WBT-USG" Name="usage_statistics_webtalk.html"/>
  <FileSet Name="sources" Type="DesignSrcs" RelSrcDir="$PSRCDIR/sources_1">
    <Filter Type="Srcs"/>
    <File Path="$PSRCDIR/sources_1/imports/1_proste_komb/6_komparator.v">
      <FileInfo>
        <Attr Name="ImportPath" Val="$PPRDIR/../../zrodla_lab/1_proste_komb/6_komparator.v"/>
        <Attr Name="ImportTime" Val="1635495828"/>
        <Attr Name="UsedIn" Val="synthesis"/>
        <Attr Name="UsedIn" Val="implementation"/>
        <Attr Name="UsedIn" Val="simulation"/>
      </FileInfo>
    </File>
    <Config>
      <Option Name="DesignMode" Val="RTL"/>
      <Option Name="TopModule" Val="komparator"/>
      <Option Name="TopAutoSet" Val="TRUE"/>
    </Config>
  </FileSet>
  <FileSet Name="constrs_in" Type="Constrs" RelSrcDir="$PSRCDIR/constrs_1">
    <Filter Type="Constrs"/>
    <File Path="$PSRCDIR/constrs_1/new/pinot.xdc">
      <FileInfo>
        <Attr Name="UsedIn" Val="synthesis"/>
        <Attr Name="UsedIn" Val="implementation"/>
      </FileInfo>
    </File>
    <Config>
      <Option Name="TargetConstrsFile" Val="$PSRCDIR/constrs_1/new/pinot.xdc"/>
      <Option Name="ConstrsType" Val="XDC"/>
    </Config>
  </FileSet>
  <FileSet Name="utils" Type="Utils" RelSrcDir="$PSRCDIR/utils_1">
    <Filter Type="Utils"/>
    <Config>
      <Option Name="TopAutoSet" Val="TRUE"/>
    </Config>
  </FileSet>
  <Strategy Version="1" Minor="2">
    <StratHandle Name="Vivado Implementation Defaults" Flow="Vivado Implementation 2018">
      <Desc>Default settings for Implementation.</Desc>
    </StratHandle>
    <Step Id="init_design"/>
    <Step Id="opt_design"/>
    <Step Id="power_opt_design"/>
    <Step Id="place_design"/>
    <Step Id="post_place_power_opt_design"/>
    <Step Id="phys_opt_design"/>
    <Step Id="route_design"/>
    <Step Id="post_route_phys_opt_design"/>
    <Step Id="write_bitstream"/>
  </Strategy>
</GenRun>
