<?xml version="1.0" encoding="UTF-8"?>
<GenRun Id="impl_1" LaunchPart="xc7a100tcsg324-1" LaunchTime="1637920412">
  <File Type="BITSTR-BMM" Name="licznik_asynchr_bd.bmm"/>
  <File Type="OPT-METHODOLOGY-DRC" Name="licznik_asynchr_methodology_drc_opted.rpt"/>
  <File Type="INIT-TIMING" Name="licznik_asynchr_timing_summary_init.rpt"/>
  <File Type="ROUTE-PWR" Name="licznik_asynchr_power_routed.rpt"/>
  <File Type="PA-TCL" Name="licznik_asynchr.tcl"/>
  <File Type="OPT-TIMING" Name="licznik_asynchr_timing_summary_opted.rpt"/>
  <File Type="OPT-DCP" Name="licznik_asynchr_opt.dcp"/>
  <File Type="ROUTE-PWR-SUM" Name="licznik_asynchr_power_summary_routed.pb"/>
  <File Type="REPORTS-TCL" Name="licznik_asynchr_reports.tcl"/>
  <File Type="OPT-DRC" Name="licznik_asynchr_drc_opted.rpt"/>
  <File Type="OPT-HWDEF" Name="licznik_asynchr.hwdef"/>
  <File Type="PWROPT-DCP" Name="licznik_asynchr_pwropt.dcp"/>
  <File Type="PWROPT-DRC" Name="licznik_asynchr_drc_pwropted.rpt"/>
  <File Type="PWROPT-TIMING" Name="licznik_asynchr_timing_summary_pwropted.rpt"/>
  <File Type="PLACE-DCP" Name="licznik_asynchr_placed.dcp"/>
  <File Type="PLACE-IO" Name="licznik_asynchr_io_placed.rpt"/>
  <File Type="PLACE-CLK" Name="licznik_asynchr_clock_utilization_placed.rpt"/>
  <File Type="PLACE-UTIL" Name="licznik_asynchr_utilization_placed.rpt"/>
  <File Type="PLACE-UTIL-PB" Name="licznik_asynchr_utilization_placed.pb"/>
  <File Type="PLACE-CTRL" Name="licznik_asynchr_control_sets_placed.rpt"/>
  <File Type="PLACE-SIMILARITY" Name="licznik_asynchr_incremental_reuse_placed.rpt"/>
  <File Type="PLACE-PRE-SIMILARITY" Name="licznik_asynchr_incremental_reuse_pre_placed.rpt"/>
  <File Type="BG-BGN" Name="licznik_asynchr.bgn"/>
  <File Type="PLACE-TIMING" Name="licznik_asynchr_timing_summary_placed.rpt"/>
  <File Type="POSTPLACE-PWROPT-DCP" Name="licznik_asynchr_postplace_pwropt.dcp"/>
  <File Type="BG-BIN" Name="licznik_asynchr.bin"/>
  <File Type="POSTPLACE-PWROPT-TIMING" Name="licznik_asynchr_timing_summary_postplace_pwropted.rpt"/>
  <File Type="PHYSOPT-DCP" Name="licznik_asynchr_physopt.dcp"/>
  <File Type="PHYSOPT-DRC" Name="licznik_asynchr_drc_physopted.rpt"/>
  <File Type="BITSTR-MSK" Name="licznik_asynchr.msk"/>
  <File Type="PHYSOPT-TIMING" Name="licznik_asynchr_timing_summary_physopted.rpt"/>
  <File Type="ROUTE-ERROR-DCP" Name="licznik_asynchr_routed_error.dcp"/>
  <File Type="ROUTE-DCP" Name="licznik_asynchr_routed.dcp"/>
  <File Type="ROUTE-BLACKBOX-DCP" Name="licznik_asynchr_routed_bb.dcp"/>
  <File Type="ROUTE-DRC" Name="licznik_asynchr_drc_routed.rpt"/>
  <File Type="ROUTE-DRC-PB" Name="licznik_asynchr_drc_routed.pb"/>
  <File Type="BITSTR-LTX" Name="debug_nets.ltx"/>
  <File Type="BITSTR-LTX" Name="licznik_asynchr.ltx"/>
  <File Type="ROUTE-DRC-RPX" Name="licznik_asynchr_drc_routed.rpx"/>
  <File Type="BITSTR-MMI" Name="licznik_asynchr.mmi"/>
  <File Type="ROUTE-METHODOLOGY-DRC" Name="licznik_asynchr_methodology_drc_routed.rpt"/>
  <File Type="ROUTE-METHODOLOGY-DRC-RPX" Name="licznik_asynchr_methodology_drc_routed.rpx"/>
  <File Type="BITSTR-SYSDEF" Name="licznik_asynchr.sysdef"/>
  <File Type="ROUTE-METHODOLOGY-DRC-PB" Name="licznik_asynchr_methodology_drc_routed.pb"/>
  <File Type="ROUTE-PWR-RPX" Name="licznik_asynchr_power_routed.rpx"/>
  <File Type="ROUTE-STATUS" Name="licznik_asynchr_route_status.rpt"/>
  <File Type="ROUTE-STATUS-PB" Name="licznik_asynchr_route_status.pb"/>
  <File Type="ROUTE-TIMINGSUMMARY" Name="licznik_asynchr_timing_summary_routed.rpt"/>
  <File Type="ROUTE-TIMING-PB" Name="licznik_asynchr_timing_summary_routed.pb"/>
  <File Type="ROUTE-TIMING-RPX" Name="licznik_asynchr_timing_summary_routed.rpx"/>
  <File Type="ROUTE-SIMILARITY" Name="licznik_asynchr_incremental_reuse_routed.rpt"/>
  <File Type="ROUTE-CLK" Name="licznik_asynchr_clock_utilization_routed.rpt"/>
  <File Type="ROUTE-BUS-SKEW" Name="licznik_asynchr_bus_skew_routed.rpt"/>
  <File Type="ROUTE-BUS-SKEW-PB" Name="licznik_asynchr_bus_skew_routed.pb"/>
  <File Type="ROUTE-BUS-SKEW-RPX" Name="licznik_asynchr_bus_skew_routed.rpx"/>
  <File Type="POSTROUTE-PHYSOPT-DCP" Name="licznik_asynchr_postroute_physopt.dcp"/>
  <File Type="POSTROUTE-PHYSOPT-BLACKBOX-DCP" Name="licznik_asynchr_postroute_physopt_bb.dcp"/>
  <File Type="POSTROUTE-PHYSOPT-TIMING" Name="licznik_asynchr_timing_summary_postroute_physopted.rpt"/>
  <File Type="POSTROUTE-PHYSOPT-TIMING-PB" Name="licznik_asynchr_timing_summary_postroute_physopted.pb"/>
  <File Type="POSTROUTE-PHYSOPT-TIMING-RPX" Name="licznik_asynchr_timing_summary_postroute_physopted.rpx"/>
  <File Type="POSTROUTE-PHYSOPT-BUS-SKEW" Name="licznik_asynchr_bus_skew_postroute_physopted.rpt"/>
  <File Type="POSTROUTE-PHYSOPT-BUS-SKEW-PB" Name="licznik_asynchr_bus_skew_postroute_physopted.pb"/>
  <File Type="BG-BIT" Name="licznik_asynchr.bit"/>
  <File Type="POSTROUTE-PHYSOPT-BUS-SKEW-RPX" Name="licznik_asynchr_bus_skew_postroute_physopted.rpx"/>
  <File Type="BITSTR-RBT" Name="licznik_asynchr.rbt"/>
  <File Type="BITSTR-NKY" Name="licznik_asynchr.nky"/>
  <File Type="BG-DRC" Name="licznik_asynchr.drc"/>
  <File Type="RDI-RDI" Name="licznik_asynchr.vdi"/>
  <File Type="WBT-USG" Name="usage_statistics_webtalk.html"/>
  <FileSet Name="sources" Type="DesignSrcs" RelSrcDir="$PSRCDIR/sources_1">
    <Filter Type="Srcs"/>
    <File Path="$PSRCDIR/sources_1/imports/3_sekwencyjne/1_licznik_asynchr.v">
      <FileInfo>
        <Attr Name="ImportPath" Val="$PPRDIR/../../AMSUC/sekcja2/zrodla_lab/3_sekwencyjne/1_licznik_asynchr.v"/>
        <Attr Name="ImportTime" Val="1635495828"/>
        <Attr Name="UsedIn" Val="synthesis"/>
        <Attr Name="UsedIn" Val="implementation"/>
        <Attr Name="UsedIn" Val="simulation"/>
      </FileInfo>
    </File>
    <Config>
      <Option Name="DesignMode" Val="RTL"/>
      <Option Name="TopModule" Val="licznik_asynchr"/>
      <Option Name="TopAutoSet" Val="TRUE"/>
    </Config>
  </FileSet>
  <FileSet Name="constrs_in" Type="Constrs" RelSrcDir="$PSRCDIR/constrs_1">
    <Filter Type="Constrs"/>
    <File Path="$PSRCDIR/constrs_1/new/pinout.xdc">
      <FileInfo>
        <Attr Name="UsedIn" Val="synthesis"/>
        <Attr Name="UsedIn" Val="implementation"/>
      </FileInfo>
    </File>
    <Config>
      <Option Name="TargetConstrsFile" Val="$PSRCDIR/constrs_1/new/pinout.xdc"/>
      <Option Name="ConstrsType" Val="XDC"/>
    </Config>
  </FileSet>
  <FileSet Name="utils" Type="Utils" RelSrcDir="$PSRCDIR/utils_1">
    <Filter Type="Utils"/>
    <Config>
      <Option Name="TopAutoSet" Val="TRUE"/>
    </Config>
  </FileSet>
  <Strategy Version="1" Minor="2">
    <StratHandle Name="Vivado Implementation Defaults" Flow="Vivado Implementation 2018">
      <Desc>Default settings for Implementation.</Desc>
    </StratHandle>
    <Step Id="init_design"/>
    <Step Id="opt_design"/>
    <Step Id="power_opt_design"/>
    <Step Id="place_design"/>
    <Step Id="post_place_power_opt_design"/>
    <Step Id="phys_opt_design"/>
    <Step Id="route_design"/>
    <Step Id="post_route_phys_opt_design"/>
    <Step Id="write_bitstream"/>
  </Strategy>
</GenRun>
