<?xml version="1.0" encoding="UTF-8"?>
<GenRun Id="synth_1" LaunchPart="xc7a100tcsg324-1" LaunchTime="1636104134">
  <File Type="PA-TCL" Name="multiplekser_2.tcl"/>
  <File Type="RDS-PROPCONSTRS" Name="multiplekser_2_drc_synth.rpt"/>
  <File Type="REPORTS-TCL" Name="multiplekser_2_reports.tcl"/>
  <File Type="RDS-RDS" Name="multiplekser_2.vds"/>
  <File Type="RDS-UTIL" Name="multiplekser_2_utilization_synth.rpt"/>
  <File Type="RDS-UTIL-PB" Name="multiplekser_2_utilization_synth.pb"/>
  <File Type="RDS-DCP" Name="multiplekser_2.dcp"/>
  <File Type="VDS-TIMINGSUMMARY" Name="multiplekser_2_timing_summary_synth.rpt"/>
  <File Type="VDS-TIMING-PB" Name="multiplekser_2_timing_summary_synth.pb"/>
  <FileSet Name="sources" Type="DesignSrcs" RelSrcDir="$PSRCDIR/sources_1">
    <Filter Type="Srcs"/>
    <File Path="$PSRCDIR/sources_1/imports/1_proste_komb/2_mux.v">
      <FileInfo>
        <Attr Name="ImportPath" Val="$PPRDIR/../zrodla_lab/1_proste_komb/2_mux.v"/>
        <Attr Name="ImportTime" Val="1635495828"/>
        <Attr Name="UsedIn" Val="synthesis"/>
        <Attr Name="UsedIn" Val="implementation"/>
        <Attr Name="UsedIn" Val="simulation"/>
      </FileInfo>
    </File>
    <Config>
      <Option Name="DesignMode" Val="RTL"/>
      <Option Name="TopModule" Val="multiplekser_2"/>
      <Option Name="TopAutoSet" Val="TRUE"/>
    </Config>
  </FileSet>
  <FileSet Name="constrs_in" Type="Constrs" RelSrcDir="$PSRCDIR/constrs_1">
    <Filter Type="Constrs"/>
    <File Path="$PSRCDIR/constrs_1/new/pinout.xdc">
      <FileInfo>
        <Attr Name="UsedIn" Val="synthesis"/>
        <Attr Name="UsedIn" Val="implementation"/>
      </FileInfo>
    </File>
    <Config>
      <Option Name="TargetConstrsFile" Val="$PSRCDIR/constrs_1/new/pinout.xdc"/>
      <Option Name="ConstrsType" Val="XDC"/>
    </Config>
  </FileSet>
  <FileSet Name="utils" Type="Utils" RelSrcDir="$PSRCDIR/utils_1">
    <Filter Type="Utils"/>
    <Config>
      <Option Name="TopAutoSet" Val="TRUE"/>
    </Config>
  </FileSet>
  <Strategy Version="1" Minor="2">
    <StratHandle Name="Vivado Synthesis Defaults" Flow="Vivado Synthesis 2018"/>
    <Step Id="synth_design"/>
  </Strategy>
</GenRun>
