<?xml version="1.0" encoding="UTF-8"?>
<GenRun Id="impl_1" LaunchPart="xc7a100tcsg324-1" LaunchTime="1639131416">
  <File Type="BITSTR-BMM" Name="krazaca_jedynka_bd.bmm"/>
  <File Type="OPT-METHODOLOGY-DRC" Name="krazaca_jedynka_methodology_drc_opted.rpt"/>
  <File Type="INIT-TIMING" Name="krazaca_jedynka_timing_summary_init.rpt"/>
  <File Type="ROUTE-PWR" Name="krazaca_jedynka_power_routed.rpt"/>
  <File Type="PA-TCL" Name="krazaca_jedynka.tcl"/>
  <File Type="OPT-TIMING" Name="krazaca_jedynka_timing_summary_opted.rpt"/>
  <File Type="OPT-DCP" Name="krazaca_jedynka_opt.dcp"/>
  <File Type="ROUTE-PWR-SUM" Name="krazaca_jedynka_power_summary_routed.pb"/>
  <File Type="REPORTS-TCL" Name="krazaca_jedynka_reports.tcl"/>
  <File Type="OPT-DRC" Name="krazaca_jedynka_drc_opted.rpt"/>
  <File Type="OPT-HWDEF" Name="krazaca_jedynka.hwdef"/>
  <File Type="PWROPT-DCP" Name="krazaca_jedynka_pwropt.dcp"/>
  <File Type="PWROPT-DRC" Name="krazaca_jedynka_drc_pwropted.rpt"/>
  <File Type="PWROPT-TIMING" Name="krazaca_jedynka_timing_summary_pwropted.rpt"/>
  <File Type="PLACE-DCP" Name="krazaca_jedynka_placed.dcp"/>
  <File Type="PLACE-IO" Name="krazaca_jedynka_io_placed.rpt"/>
  <File Type="PLACE-CLK" Name="krazaca_jedynka_clock_utilization_placed.rpt"/>
  <File Type="PLACE-UTIL" Name="krazaca_jedynka_utilization_placed.rpt"/>
  <File Type="PLACE-UTIL-PB" Name="krazaca_jedynka_utilization_placed.pb"/>
  <File Type="PLACE-CTRL" Name="krazaca_jedynka_control_sets_placed.rpt"/>
  <File Type="PLACE-SIMILARITY" Name="krazaca_jedynka_incremental_reuse_placed.rpt"/>
  <File Type="PLACE-PRE-SIMILARITY" Name="krazaca_jedynka_incremental_reuse_pre_placed.rpt"/>
  <File Type="BG-BGN" Name="krazaca_jedynka.bgn"/>
  <File Type="PLACE-TIMING" Name="krazaca_jedynka_timing_summary_placed.rpt"/>
  <File Type="POSTPLACE-PWROPT-DCP" Name="krazaca_jedynka_postplace_pwropt.dcp"/>
  <File Type="BG-BIN" Name="krazaca_jedynka.bin"/>
  <File Type="POSTPLACE-PWROPT-TIMING" Name="krazaca_jedynka_timing_summary_postplace_pwropted.rpt"/>
  <File Type="PHYSOPT-DCP" Name="krazaca_jedynka_physopt.dcp"/>
  <File Type="PHYSOPT-DRC" Name="krazaca_jedynka_drc_physopted.rpt"/>
  <File Type="BITSTR-MSK" Name="krazaca_jedynka.msk"/>
  <File Type="PHYSOPT-TIMING" Name="krazaca_jedynka_timing_summary_physopted.rpt"/>
  <File Type="ROUTE-ERROR-DCP" Name="krazaca_jedynka_routed_error.dcp"/>
  <File Type="ROUTE-DCP" Name="krazaca_jedynka_routed.dcp"/>
  <File Type="ROUTE-BLACKBOX-DCP" Name="krazaca_jedynka_routed_bb.dcp"/>
  <File Type="ROUTE-DRC" Name="krazaca_jedynka_drc_routed.rpt"/>
  <File Type="ROUTE-DRC-PB" Name="krazaca_jedynka_drc_routed.pb"/>
  <File Type="BITSTR-LTX" Name="debug_nets.ltx"/>
  <File Type="BITSTR-LTX" Name="krazaca_jedynka.ltx"/>
  <File Type="ROUTE-DRC-RPX" Name="krazaca_jedynka_drc_routed.rpx"/>
  <File Type="BITSTR-MMI" Name="krazaca_jedynka.mmi"/>
  <File Type="ROUTE-METHODOLOGY-DRC" Name="krazaca_jedynka_methodology_drc_routed.rpt"/>
  <File Type="ROUTE-METHODOLOGY-DRC-RPX" Name="krazaca_jedynka_methodology_drc_routed.rpx"/>
  <File Type="BITSTR-SYSDEF" Name="krazaca_jedynka.sysdef"/>
  <File Type="ROUTE-METHODOLOGY-DRC-PB" Name="krazaca_jedynka_methodology_drc_routed.pb"/>
  <File Type="ROUTE-PWR-RPX" Name="krazaca_jedynka_power_routed.rpx"/>
  <File Type="ROUTE-STATUS" Name="krazaca_jedynka_route_status.rpt"/>
  <File Type="ROUTE-STATUS-PB" Name="krazaca_jedynka_route_status.pb"/>
  <File Type="ROUTE-TIMINGSUMMARY" Name="krazaca_jedynka_timing_summary_routed.rpt"/>
  <File Type="ROUTE-TIMING-PB" Name="krazaca_jedynka_timing_summary_routed.pb"/>
  <File Type="ROUTE-TIMING-RPX" Name="krazaca_jedynka_timing_summary_routed.rpx"/>
  <File Type="ROUTE-SIMILARITY" Name="krazaca_jedynka_incremental_reuse_routed.rpt"/>
  <File Type="ROUTE-CLK" Name="krazaca_jedynka_clock_utilization_routed.rpt"/>
  <File Type="ROUTE-BUS-SKEW" Name="krazaca_jedynka_bus_skew_routed.rpt"/>
  <File Type="ROUTE-BUS-SKEW-PB" Name="krazaca_jedynka_bus_skew_routed.pb"/>
  <File Type="ROUTE-BUS-SKEW-RPX" Name="krazaca_jedynka_bus_skew_routed.rpx"/>
  <File Type="POSTROUTE-PHYSOPT-DCP" Name="krazaca_jedynka_postroute_physopt.dcp"/>
  <File Type="POSTROUTE-PHYSOPT-BLACKBOX-DCP" Name="krazaca_jedynka_postroute_physopt_bb.dcp"/>
  <File Type="POSTROUTE-PHYSOPT-TIMING" Name="krazaca_jedynka_timing_summary_postroute_physopted.rpt"/>
  <File Type="POSTROUTE-PHYSOPT-TIMING-PB" Name="krazaca_jedynka_timing_summary_postroute_physopted.pb"/>
  <File Type="POSTROUTE-PHYSOPT-TIMING-RPX" Name="krazaca_jedynka_timing_summary_postroute_physopted.rpx"/>
  <File Type="POSTROUTE-PHYSOPT-BUS-SKEW" Name="krazaca_jedynka_bus_skew_postroute_physopted.rpt"/>
  <File Type="POSTROUTE-PHYSOPT-BUS-SKEW-PB" Name="krazaca_jedynka_bus_skew_postroute_physopted.pb"/>
  <File Type="BG-BIT" Name="krazaca_jedynka.bit"/>
  <File Type="POSTROUTE-PHYSOPT-BUS-SKEW-RPX" Name="krazaca_jedynka_bus_skew_postroute_physopted.rpx"/>
  <File Type="BITSTR-RBT" Name="krazaca_jedynka.rbt"/>
  <File Type="BITSTR-NKY" Name="krazaca_jedynka.nky"/>
  <File Type="BG-DRC" Name="krazaca_jedynka.drc"/>
  <File Type="RDI-RDI" Name="krazaca_jedynka.vdi"/>
  <File Type="WBT-USG" Name="usage_statistics_webtalk.html"/>
  <FileSet Name="sources" Type="DesignSrcs" RelSrcDir="$PSRCDIR/sources_1">
    <Filter Type="Srcs"/>
    <File Path="$PSRCDIR/sources_1/imports/tmp/3_licznik_bcd_ceo.v">
      <FileInfo>
        <Attr Name="ImportPath" Val="$PPRDIR/../tmp/3_licznik_bcd_ceo.v"/>
        <Attr Name="ImportTime" Val="1638529026"/>
        <Attr Name="UsedIn" Val="synthesis"/>
        <Attr Name="UsedIn" Val="implementation"/>
        <Attr Name="UsedIn" Val="simulation"/>
      </FileInfo>
    </File>
    <File Path="$PSRCDIR/sources_1/imports/tmp/4_rejestr_przes.v">
      <FileInfo>
        <Attr Name="ImportPath" Val="$PPRDIR/../tmp/4_rejestr_przes.v"/>
        <Attr Name="ImportTime" Val="1635495828"/>
        <Attr Name="UsedIn" Val="synthesis"/>
        <Attr Name="UsedIn" Val="implementation"/>
        <Attr Name="UsedIn" Val="simulation"/>
      </FileInfo>
    </File>
    <File Path="$PSRCDIR/sources_1/imports/tmp/krazaca_jedynka.v">
      <FileInfo>
        <Attr Name="ImportPath" Val="$PPRDIR/../tmp/krazaca_jedynka.v"/>
        <Attr Name="ImportTime" Val="1638528881"/>
        <Attr Name="UsedIn" Val="synthesis"/>
        <Attr Name="UsedIn" Val="implementation"/>
        <Attr Name="UsedIn" Val="simulation"/>
      </FileInfo>
    </File>
    <Config>
      <Option Name="DesignMode" Val="RTL"/>
      <Option Name="TopModule" Val="krazaca_jedynka"/>
      <Option Name="TopAutoSet" Val="TRUE"/>
    </Config>
  </FileSet>
  <FileSet Name="constrs_in" Type="Constrs" RelSrcDir="$PSRCDIR/constrs_1">
    <Filter Type="Constrs"/>
    <File Path="$PSRCDIR/constrs_1/new/pinout.xdc">
      <FileInfo>
        <Attr Name="UsedIn" Val="synthesis"/>
        <Attr Name="UsedIn" Val="implementation"/>
      </FileInfo>
    </File>
    <Config>
      <Option Name="TargetConstrsFile" Val="$PSRCDIR/constrs_1/new/pinout.xdc"/>
      <Option Name="ConstrsType" Val="XDC"/>
    </Config>
  </FileSet>
  <FileSet Name="utils" Type="Utils" RelSrcDir="$PSRCDIR/utils_1">
    <Filter Type="Utils"/>
    <Config>
      <Option Name="TopAutoSet" Val="TRUE"/>
    </Config>
  </FileSet>
  <Strategy Version="1" Minor="2">
    <StratHandle Name="Vivado Implementation Defaults" Flow="Vivado Implementation 2018"/>
    <Step Id="init_design"/>
    <Step Id="opt_design"/>
    <Step Id="power_opt_design"/>
    <Step Id="place_design"/>
    <Step Id="post_place_power_opt_design"/>
    <Step Id="phys_opt_design"/>
    <Step Id="route_design"/>
    <Step Id="post_route_phys_opt_design"/>
    <Step Id="write_bitstream"/>
  </Strategy>
</GenRun>
