<?xml version="1.0" encoding="UTF-8"?>
<GenRun Id="synth_1" LaunchPart="xc7a100tcsg324-1" LaunchTime="1639131416">
  <File Type="PA-TCL" Name="krazaca_jedynka.tcl"/>
  <File Type="RDS-PROPCONSTRS" Name="krazaca_jedynka_drc_synth.rpt"/>
  <File Type="REPORTS-TCL" Name="krazaca_jedynka_reports.tcl"/>
  <File Type="RDS-RDS" Name="krazaca_jedynka.vds"/>
  <File Type="RDS-UTIL" Name="krazaca_jedynka_utilization_synth.rpt"/>
  <File Type="RDS-UTIL-PB" Name="krazaca_jedynka_utilization_synth.pb"/>
  <File Type="RDS-DCP" Name="krazaca_jedynka.dcp"/>
  <File Type="VDS-TIMINGSUMMARY" Name="krazaca_jedynka_timing_summary_synth.rpt"/>
  <File Type="VDS-TIMING-PB" Name="krazaca_jedynka_timing_summary_synth.pb"/>
  <FileSet Name="sources" Type="DesignSrcs" RelSrcDir="$PSRCDIR/sources_1">
    <Filter Type="Srcs"/>
    <File Path="$PSRCDIR/sources_1/imports/tmp/3_licznik_bcd_ceo.v">
      <FileInfo>
        <Attr Name="ImportPath" Val="$PPRDIR/../tmp/3_licznik_bcd_ceo.v"/>
        <Attr Name="ImportTime" Val="1638529026"/>
        <Attr Name="UsedIn" Val="synthesis"/>
        <Attr Name="UsedIn" Val="implementation"/>
        <Attr Name="UsedIn" Val="simulation"/>
      </FileInfo>
    </File>
    <File Path="$PSRCDIR/sources_1/imports/tmp/4_rejestr_przes.v">
      <FileInfo>
        <Attr Name="ImportPath" Val="$PPRDIR/../tmp/4_rejestr_przes.v"/>
        <Attr Name="ImportTime" Val="1635495828"/>
        <Attr Name="UsedIn" Val="synthesis"/>
        <Attr Name="UsedIn" Val="implementation"/>
        <Attr Name="UsedIn" Val="simulation"/>
      </FileInfo>
    </File>
    <File Path="$PSRCDIR/sources_1/imports/tmp/krazaca_jedynka.v">
      <FileInfo>
        <Attr Name="ImportPath" Val="$PPRDIR/../tmp/krazaca_jedynka.v"/>
        <Attr Name="ImportTime" Val="1638528881"/>
        <Attr Name="UsedIn" Val="synthesis"/>
        <Attr Name="UsedIn" Val="implementation"/>
        <Attr Name="UsedIn" Val="simulation"/>
      </FileInfo>
    </File>
    <Config>
      <Option Name="DesignMode" Val="RTL"/>
      <Option Name="TopModule" Val="krazaca_jedynka"/>
      <Option Name="TopAutoSet" Val="TRUE"/>
    </Config>
  </FileSet>
  <FileSet Name="constrs_in" Type="Constrs" RelSrcDir="$PSRCDIR/constrs_1">
    <Filter Type="Constrs"/>
    <File Path="$PSRCDIR/constrs_1/new/pinout.xdc">
      <FileInfo>
        <Attr Name="UsedIn" Val="synthesis"/>
        <Attr Name="UsedIn" Val="implementation"/>
      </FileInfo>
    </File>
    <Config>
      <Option Name="TargetConstrsFile" Val="$PSRCDIR/constrs_1/new/pinout.xdc"/>
      <Option Name="ConstrsType" Val="XDC"/>
    </Config>
  </FileSet>
  <FileSet Name="utils" Type="Utils" RelSrcDir="$PSRCDIR/utils_1">
    <Filter Type="Utils"/>
    <Config>
      <Option Name="TopAutoSet" Val="TRUE"/>
    </Config>
  </FileSet>
  <Strategy Version="1" Minor="2">
    <StratHandle Name="Vivado Synthesis Defaults" Flow="Vivado Synthesis 2018"/>
    <Step Id="synth_design"/>
  </Strategy>
</GenRun>
